{
    "__comment": "Made with TheDestruc7i0n's advancements generator: https://advancements.thedestruc7i0n.ca",
    "display": {
        "title": {
            "text": "buildlimit"
        },
        "description": {
            "text": "Description"
        },
        "icon": {
            "item": "minecraft:white_wool"
        },
        "frame": "task",
        "show_toast": false,
        "announce_to_chat": false,
        "hidden": true
    },
    "criteria": {
        "falling": {
            "trigger": "minecraft:location",
            "conditions": {
                "dimension": "overworld",
                "position": {
                    "y": {
                        "min": 128,
                        "max": 256
                    }
                }
            }
        }
    },
    "rewards": {
        "function": "buildlimit:buildlimit/limit"
    },
    "parent": "buildlimit:root"
}