{
    "__comment": "Made with TheDestruc7i0n's advancements generator: https://advancements.thedestruc7i0n.ca",
    "display": {
        "title": {
            "text": "Beta Build Limit"
        },
        "description": {
            "text": "Made by iheartstriders!"
        },
        "icon": {
            "item": "minecraft:grass"
        },
        "frame": "task",
        "show_toast": false,
        "announce_to_chat": false,
        "hidden": false,
        "background": "minecraft:textures/gui/advancements/backgrounds/stone.png"
    },
    "criteria": {
        "map": {
            "trigger": "minecraft:tick"
        }
    }
}